Workbook

Sheet 입방당
L7: 1 | M7: 2 | N7: 3 | O7: 4 | P7: 5 | Q7: 6 | R7: 7 | S7: 8 | T7: 9 | U7: 10 | V7: 11 | W7: 12
J8: 2026 | K8: 원료비 | L8: =GJ당!D7*(4.1868*10.19)/10^3 -> 597.57004 | M8: =GJ당!E7*(4.1868*10.19)/10^3 -> 608.53157 | N8: =GJ당!F7*(4.1868*10.19)/10^3 -> 585.81923 | O8: =GJ당!G7*(4.1868*10.19)/10^3 -> 613.92253 | P8: =GJ당!H7*(4.1868*10.19)/10^3 -> 676.09262 | Q8: =GJ당!I7*(4.1868*10.19)/10^3 -> 736.595 | R8: =GJ당!J7*(4.1868*10.19)/10^3 -> 785.35425 | S8: =GJ당!K7*(4.1868*10.19)/10^3 -> 879.39824 | ... W8: =GJ당!O7*(4.1868*10.19)/10^3 -> 0
J9: 2026 | K9: 공급비 | L9: =GJ당!D8*(4.1868*10.19)/10^3 -> 98.853018 | M9: =GJ당!E8*(4.1868*10.19)/10^3 -> 98.853018 | N9: =GJ당!F8*(4.1868*10.19)/10^3 -> 98.853018 | O9: =GJ당!G8*(4.1868*10.19)/10^3 -> 98.853018 | P9: =GJ당!H8*(4.1868*10.19)/10^3 -> 90.210674 | Q9: =GJ당!I8*(4.1868*10.19)/10^3 -> 90.210674 | R9: =GJ당!J8*(4.1868*10.19)/10^3 -> 90.210674 | S9: =GJ당!K8*(4.1868*10.19)/10^3 -> 90.210674 | ... W9: =GJ당!O8*(4.1868*10.19)/10^3 -> 0
J10: 2026 | K10: 합계 | L10: =GJ당!D9*(4.1868*10.19)/10^3 -> 696.42306 | M10: =GJ당!E9*(4.1868*10.19)/10^3 -> 707.38459 | N10: =GJ당!F9*(4.1868*10.19)/10^3 -> 684.67225 | O10: =GJ당!G9*(4.1868*10.19)/10^3 -> 712.77555 | P10: =GJ당!H9*(4.1868*10.19)/10^3 -> 766.3033 | Q10: =GJ당!I9*(4.1868*10.19)/10^3 -> 826.80568 | R10: =GJ당!J9*(4.1868*10.19)/10^3 -> 875.56493 | S10: =GJ당!K9*(4.1868*10.19)/10^3 -> 969.60892 | ... W10: =GJ당!O9*(4.1868*10.19)/10^3 -> 0
J11: 2025 | K11: 원료비 | L11: =GJ당!D10*(4.1868*10.19)/10^3 -> 771.35892 | M11: =GJ당!E10*(4.1868*10.19)/10^3 -> 734.31848 | N11: =GJ당!F10*(4.1868*10.19)/10^3 -> 724.0946 | O11: =GJ당!G10*(4.1868*10.19)/10^3 -> 765.8997 | P11: =GJ당!H10*(4.1868*10.19)/10^3 -> 697.99051 | Q11: =GJ당!I10*(4.1868*10.19)/10^3 -> 673.0601 | R11: =GJ당!J10*(4.1868*10.19)/10^3 -> 628.7498 | S11: =GJ당!K10*(4.1868*10.19)/10^3 -> 620.46028 | ... W11: =GJ당!O10*(4.1868*10.19)/10^3 -> 578.77891
J12: 2025 | K12: 공급비 | L12: =GJ당!D11*(4.1868*10.19)/10^3 -> 83.72241 | M12: =GJ당!E11*(4.1868*10.19)/10^3 -> 83.72241 | N12: =GJ당!F11*(4.1868*10.19)/10^3 -> 83.72241 | O12: =GJ당!G11*(4.1868*10.19)/10^3 -> 83.72241 | P12: =GJ당!H11*(4.1868*10.19)/10^3 -> 98.853018 | Q12: =GJ당!I11*(4.1868*10.19)/10^3 -> 98.853018 | R12: =GJ당!J11*(4.1868*10.19)/10^3 -> 98.853018 | S12: =GJ당!K11*(4.1868*10.19)/10^3 -> 98.853018 | ... W12: =GJ당!O11*(4.1868*10.19)/10^3 -> 98.853018
J13: 2025 | K13: 합계 | L13: =GJ당!D12*(4.1868*10.19)/10^3 -> 855.08133 | M13: =GJ당!E12*(4.1868*10.19)/10^3 -> 818.04089 | N13: =GJ당!F12*(4.1868*10.19)/10^3 -> 807.81701 | O13: =GJ당!G12*(4.1868*10.19)/10^3 -> 849.62211 | P13: =GJ당!H12*(4.1868*10.19)/10^3 -> 796.84353 | Q13: =GJ당!I12*(4.1868*10.19)/10^3 -> 771.91312 | R13: =GJ당!J12*(4.1868*10.19)/10^3 -> 727.60282 | S13: =GJ당!K12*(4.1868*10.19)/10^3 -> 719.3133 | ... W13: =GJ당!O12*(4.1868*10.19)/10^3 -> 677.63192
J14: 2024 | K14: 원료비 | L14: =GJ당!D13*(4.1868*10.19)/10^3 -> 962.56261 | M14: =GJ당!E13*(4.1868*10.19)/10^3 -> 864.66697 | N14: =GJ당!F13*(4.1868*10.19)/10^3 -> 878.20025 | O14: =GJ당!G13*(4.1868*10.19)/10^3 -> 807.2803 | P14: =GJ당!H13*(4.1868*10.19)/10^3 -> 759.70923 | Q14: =GJ당!I13*(4.1868*10.19)/10^3 -> 735.52116 | R14: =GJ당!J13*(4.1868*10.19)/10^3 -> 753.10151 | S14: =GJ당!K13*(4.1868*10.19)/10^3 -> 785.30391 | ... W14: =GJ당!O13*(4.1868*10.19)/10^3 -> 798.90845
J15: 2024 | K15: 공급비 | L15: =GJ당!D14*(4.1868*10.19)/10^3 -> 61.219125 | M15: =GJ당!E14*(4.1868*10.19)/10^3 -> 61.219125 | N15: =GJ당!F14*(4.1868*10.19)/10^3 -> 61.219125 | O15: =GJ당!G14*(4.1868*10.19)/10^3 -> 61.219125 | P15: =GJ당!H14*(4.1868*10.19)/10^3 -> 83.72241 | Q15: =GJ당!I14*(4.1868*10.19)/10^3 -> 83.72241 | R15: =GJ당!J14*(4.1868*10.19)/10^3 -> 83.72241 | S15: =GJ당!K14*(4.1868*10.19)/10^3 -> 83.72241 | ... W15: =GJ당!O14*(4.1868*10.19)/10^3 -> 83.72241
J16: 2024 | K16: 합계 | L16: =GJ당!D15*(4.1868*10.19)/10^3 -> 1023.7817 | M16: =GJ당!E15*(4.1868*10.19)/10^3 -> 925.88609 | N16: =GJ당!F15*(4.1868*10.19)/10^3 -> 939.41938 | O16: =GJ당!G15*(4.1868*10.19)/10^3 -> 868.49943 | P16: =GJ당!H15*(4.1868*10.19)/10^3 -> 843.43164 | Q16: =GJ당!I15*(4.1868*10.19)/10^3 -> 819.24357 | R16: =GJ당!J15*(4.1868*10.19)/10^3 -> 836.82392 | S16: =GJ당!K15*(4.1868*10.19)/10^3 -> 869.02632 | ... W16: =GJ당!O15*(4.1868*10.19)/10^3 -> 882.63086
J17: 2023 | K17: 원료비 | L17: =GJ당!D16*(4.1868*10.19)/10^3 -> 1495.8277 | M17: =GJ당!E16*(4.1868*10.19)/10^3 -> 1477.5741 | N17: =GJ당!F16*(4.1868*10.19)/10^3 -> 1390.9207 | O17: =GJ당!G16*(4.1868*10.19)/10^3 -> 1007.3008 | P17: =GJ당!H16*(4.1868*10.19)/10^3 -> 915.42202 | Q17: =GJ당!I16*(4.1868*10.19)/10^3 -> 881.11075 | R17: =GJ당!J16*(4.1868*10.19)/10^3 -> 914.40705 | S17: =GJ당!K16*(4.1868*10.19)/10^3 -> 860.99748 | ... W17: =GJ당!O16*(4.1868*10.19)/10^3 -> 861.73812
J18: 2023 | K18: 공급비 | L18: =GJ당!D17*(4.1868*10.19)/10^3 -> 44.52746 | M18: =GJ당!E17*(4.1868*10.19)/10^3 -> 44.52746 | N18: =GJ당!F17*(4.1868*10.19)/10^3 -> 44.52746 | O18: =GJ당!G17*(4.1868*10.19)/10^3 -> 44.52746 | P18: =GJ당!H17*(4.1868*10.19)/10^3 -> 61.219125 | Q18: =GJ당!I17*(4.1868*10.19)/10^3 -> 61.219125 | R18: =GJ당!J17*(4.1868*10.19)/10^3 -> 61.219125 | S18: =GJ당!K17*(4.1868*10.19)/10^3 -> 61.219125 | ... W18: =GJ당!O17*(4.1868*10.19)/10^3 -> 61.219125
J19: 2023 | K19: 합계 | L19: =GJ당!D18*(4.1868*10.19)/10^3 -> 1540.3551 | M19: =GJ당!E18*(4.1868*10.19)/10^3 -> 1522.1016 | N19: =GJ당!F18*(4.1868*10.19)/10^3 -> 1435.4482 | O19: =GJ당!G18*(4.1868*10.19)/10^3 -> 1051.8283 | P19: =GJ당!H18*(4.1868*10.19)/10^3 -> 976.64114 | Q19: =GJ당!I18*(4.1868*10.19)/10^3 -> 942.32988 | R19: =GJ당!J18*(4.1868*10.19)/10^3 -> 975.62618 | S19: =GJ당!K18*(4.1868*10.19)/10^3 -> 922.2166 | ... W19: =GJ당!O18*(4.1868*10.19)/10^3 -> 922.95724
... J22: 2022 | K22: 합계 | L22: =GJ당!D21*(4.1868*10.19)/10^3 -> 975.51653 | M22: =GJ당!E21*(4.1868*10.19)/10^3 -> 1248.405 | N22: =GJ당!F21*(4.1868*10.19)/10^3 -> 1150.3345 | O22: =GJ당!G21*(4.1868*10.19)/10^3 -> 1224.135 | P22: =GJ당!H21*(4.1868*10.19)/10^3 -> 838.8227 | Q22: =GJ당!I21*(4.1868*10.19)/10^3 -> 791.38047 | R22: =GJ당!J21*(4.1868*10.19)/10^3 -> 927.46379 | S22: =GJ당!K21*(4.1868*10.19)/10^3 -> 1295.1105 | ... W22: =GJ당!O21*(4.1868*10.19)/10^3 -> 1616.7655

Sheet GJ당
D6: 1 | E6: 2 | F6: 3 | G6: 4 | H6: 5 | I6: 6 | J6: 7 | K6: 8 | L6: 9 | M6: 10 | N6: 11 | O6: 12
B7: 2026 | C7: 원료비 | D7: 14006.59 | E7: 14263.52 | F7: 13731.16 | G7: 14389.88 | H7: 15847.1 | I7: 17265.23 | J7: 18408.11 | K7: 20612.43 | L7: 22692.22 | M7: 22973.39
C8: 공급비 | D8: 2317.04 | E8: 2317.04 | F8: 2317.04 | G8: 2317.04 | H8: 2114.47 | I8: 2114.47 | J8: 2114.47 | K8: 2114.47 | L8: 2114.47 | M8: 2114.47
C9: 합계 | D9: =SUM(D7:D8) -> 16323.63 | E9: =SUM(E7:E8) -> 16580.56 | F9: =SUM(F7:F8) -> 16048.2 | G9: =SUM(G7:G8) -> 16706.92 | H9: =SUM(H7:H8) -> 17961.57 | I9: =SUM(I7:I8) -> 19379.7 | J9: =SUM(J7:J8) -> 20522.58 | K9: =SUM(K7:K8) -> 22726.9 | ... O9: =SUM(O7:O8) -> 0
B10: 2025 | C10: 원료비 | D10: 18080.07 | E10: 17211.87 | F10: 16972.23 | G10: 17952.11 | H10: 16360.37 | I10: 15776.02 | J10: 14737.42 | K10: 14543.12 | L10: 15562.09 | M10: 14618.63 | N10: 13302.56 | O10: 13566.14
C11: 공급비 | D11: 1962.39 | E11: 1962.39 | F11: 1962.39 | G11: 1962.39 | H11: 2317.04 | I11: 2317.04 | J11: 2317.04 | K11: 2317.04 | L11: 2317.04 | M11: 2317.04 | N11: 2317.04 | O11: 2317.04
C12: 합계 | D12: =SUM(D10:D11) -> 20042.46 | E12: =SUM(E10:E11) -> 19174.26 | F12: =SUM(F10:F11) -> 18934.62 | G12: =SUM(G10:G11) -> 19914.5 | H12: =SUM(H10:H11) -> 18677.41 | I12: =SUM(I10:I11) -> 18093.06 | J12: =SUM(J10:J11) -> 17054.46 | K12: =SUM(K10:K11) -> 16860.16 | ... O12: =SUM(O10:O11) -> 15883.18
B13: 2024 | C13: 원료비 | D13: 22561.74 | E13: 20267.14 | F13: 20584.35 | G13: 18922.04 | H13: 17807.01 | I13: 17240.06 | J13: 17652.13 | K13: 18406.93 | L13: 18729.49 | M13: 18079.8 | N13: 17838.33 | O13: 18725.81
C14: 공급비 | D14: 1434.93 | E14: 1434.93 | F14: 1434.93 | G14: 1434.93 | H14: 1962.39 | I14: 1962.39 | J14: 1962.39 | K14: 1962.39 | L14: 1962.39 | M14: 1962.39 | N14: 1962.39 | O14: 1962.39
C15: 합계 | D15: =SUM(D13:D14) -> 23996.67 | E15: 21702.07 | F15: =SUM(F13:F14) -> 22019.28 | G15: =SUM(G13:G14) -> 20356.97 | H15: =SUM(H13:H14) -> 19769.4 | I15: =SUM(I13:I14) -> 19202.45 | J15: =SUM(J13:J14) -> 19614.52 | K15: =SUM(K13:K14) -> 20369.32 | L15: =SUM(L13:L14) -> 20691.88 | M15: =SUM(M13:M14) -> 20042.19 | ... O15: =SUM(O13:O14) -> 20688.2
B16: 2023 | C16: 원료비 | D16: 35061.07 | E16: 34633.22 | F16: 32602.13 | G16: 23610.37 | H16: 21456.8 | I16: 20652.57 | J16: 21433.01 | K16: 20181.13 | L16: 19905.65 | M16: 21157.43 | N16: 18858.43 | O16: 20198.49
C17: 공급비 | D17: 1043.69 | E17: 1043.69 | F17: 1043.69 | G17: 1043.69 | H17: 1434.93 | I17: 1434.93 | J17: 1434.93 | K17: 1434.93 | L17: 1434.93 | M17: 1434.93 | N17: 1434.93 | O17: 1434.93
C18: 합계 | D18: =SUM(D16:D17) -> 36104.76 | E18: =SUM(E16:E17) -> 35676.91 | F18: =SUM(F16:F17) -> 33645.82 | G18: =SUM(G16:G17) -> 24654.06 | H18: =SUM(H16:H17) -> 22891.73 | I18: =SUM(I16:I17) -> 22087.5 | J18: =SUM(J16:J17) -> 22867.94 | K18: =SUM(K16:K17) -> 21616.06 | ... N18: =SUM(N16:N17) -> 20293.36 | O18: 21633.42
B19: 2022 | C19: 원료비 | D19: 21103.7 | E19: 27500 | F19: 25201.3 | G19: 26931.13 | H19: 18617.68 | I19: 17505.67 | J19: 20695.36 | K19: 29312.72 | L19: 33501.47 | M19: 35699.56 | N19: 34828.13 | O19: 36852.07
C20: 공급비 | D20: 1761.67 | E20: 1761.67 | F20: 1761.67 | G20: 1761.67 | H20: 1043.69 | I20: 1043.69 | J20: 1043.69 | K20: 1043.69 | L20: 1043.69 | M20: 1043.69 | N20: 1043.69 | O20: 1043.69
C21: 합계 | D21: =SUM(D19:D20) -> 22865.37 | E21: =SUM(E19:E20) -> 29261.67 | F21: =SUM(F19:F20) -> 26962.97 | G21: =SUM(G19:G20) -> 28692.8 | H21: =SUM(H19:H20) -> 19661.37 | I21: =SUM(I19:I20) -> 18549.36 | J21: =SUM(J19:J20) -> 21739.05 | K21: =SUM(K19:K20) -> 30356.41 | ... O21: =SUM(O19:O20) -> 37895.76
